iso_time,elapsed_s,state,LT_101_mm,LT_102_mm,TT_102_C,FT_101_m3h,FT_103_lh,PT_101_bar,FCV_101_pct,HTR_101_pct,P_103_pct,P_102_pct,flow_sp_m3h,dose_sp_lh,level_sp_mm,temp_sp_C,MTR_101A,MTR_101B,XV_101,XV_102,HTR_EN,perm_pumps,perm_heater,perm_inlet,trip,first_out,alarm_first,active_alarms
2026-08-22T20:04:25,1.1,FILL,2400.3,0.0,18.05,0.0,0.0,0.01,0,0,0,0.0,0.0,0.0,1800.0,45.0,0,0,0,0,0,1,0,1,0,0,0,
2026-08-22T20:04:26,11.4,FILL,2401.0,1.3,17.97,6.86,0.8,3.19,36.7,0,0,0.0,30.0,0.0,1800.0,45.0,1,0,1,0,0,1,0,1,0,0,0,
2026-08-22T20:04:27,21.7,FILL,2383.7,9.9,18.07,11.64,0.0,3.19,46.8,0,0,0.0,30.0,0.0,1800.0,45.0,1,0,1,0,0,1,0,1,0,0,0,
2026-08-22T20:04:28,32.0,FILL,2370.8,32.0,18.02,15.74,0.0,3.2,54.5,0,0,0.0,30.0,0.0,1800.0,45.0,1,0,1,0,0,1,0,1,0,0,0,
2026-08-22T20:04:29,42.3,FILL,2362.1,56.6,17.98,18.95,1.4,3.23,60.5,0,0,0.0,30.0,0.0,1800.0,45.0,1,0,1,0,0,1,0,1,0,0,0,
2026-08-22T20:04:30,52.6,FILL,2344.3,88.5,17.94,21.73,0.9,3.2,64.8,0,0,0.0,30.0,0.0,1800.0,45.0,1,0,1,0,0,1,0,1,0,0,0,
2026-08-22T20:04:31,62.9,FILL,2327.1,110.4,18.07,23.63,0.8,3.2,68.2,0,0,0.0,30.0,0.0,1800.0,45.0,1,0,1,0,0,1,0,1,0,0,0,
2026-08-22T20:04:32,73.3,FILL,2303.3,144.3,17.94,25.34,0.3,3.19,70.6,0,0,0.0,30.0,0.0,1800.0,45.0,1,0,1,0,0,1,0,1,0,0,0,
2026-08-22T20:04:33,83.7,FILL,2282.4,176.9,17.91,26.49,1.2,3.2,72.4,0,0,0.0,30.0,0.0,1800.0,45.0,1,0,1,0,0,1,0,1,0,0,0,
2026-08-22T20:04:34,94.0,FILL,2258.9,211.9,18.07,27.45,0.8,3.18,73.7,0,0,0.0,30.0,0.0,1800.0,45.0,1,0,1,0,0,1,0,1,0,0,0,
2026-08-22T20:04:36,104.4,FILL,2233.7,247.4,18.08,28.04,0.0,3.19,74.8,0,0,0.0,30.0,0.0,1800.0,45.0,1,0,1,0,0,1,0,1,0,0,0,
2026-08-22T20:04:37,114.7,FILL,2206.5,285.7,18.02,28.6,1.4,3.21,75.5,0,0,0.0,30.0,0.0,1800.0,45.0,1,0,1,0,0,1,0,1,0,0,0,
2026-08-22T20:04:38,125.0,FILL,2183.7,320.3,17.97,28.98,0.8,3.21,76.0,0,0,0.0,30.0,0.0,1800.0,45.0,1,0,1,0,0,1,0,1,0,0,0,
2026-08-22T20:04:39,135.3,FILL,2161.5,361.1,17.94,29.1,0.5,3.22,76.6,0,0,0.0,30.0,0.0,1800.0,45.0,1,0,1,0,0,1,0,1,0,0,0,
2026-08-22T20:04:40,145.7,FILL,2143.1,399.1,18.03,29.35,0.0,3.19,76.8,0,0,0.0,30.0,0.0,1800.0,45.0,1,0,1,0,0,1,0,1,0,0,0,
2026-08-22T20:04:41,156.0,FILL,2111.2,433.4,18.09,29.6,1.3,3.19,77.0,0,0,0.0,30.0,0.0,1800.0,45.0,1,0,1,0,0,1,0,1,0,0,0,
2026-08-22T20:04:42,166.3,FILL,2082.5,469.6,18.04,29.65,1.2,3.19,77.2,0,0,0.0,30.0,0.0,1800.0,45.0,1,0,1,0,0,1,0,1,0,0,0,
2026-08-22T20:04:43,176.7,FILL,2059.0,512.0,17.86,29.9,0.0,3.18,77.1,0,0,0.0,30.0,0.0,1800.0,45.0,1,0,1,0,0,1,0,1,0,0,0,
2026-08-22T20:04:44,186.9,FILL,2035.5,543.8,18.0,29.77,0.0,3.19,77.4,0,0,0.0,30.0,0.0,1800.0,45.0,1,0,1,0,0,1,0,1,0,0,0,
2026-08-22T20:04:45,197.2,FILL,2004.9,586.3,18.08,29.97,0.0,3.2,77.3,0,0,0.0,30.0,0.0,1800.0,45.0,1,0,1,0,0,1,0,1,0,0,0,
2026-08-22T20:04:46,207.6,FILL,1984.9,627.3,18.03,29.84,1.6,3.19,77.3,0,0,0.0,30.0,0.0,1800.0,45.0,1,0,1,0,0,1,0,1,0,0,0,
2026-08-22T20:04:47,218.0,FILL,1960.1,666.2,17.91,29.94,0.0,3.19,77.4,0,0,0.0,30.0,0.0,1800.0,45.0,1,0,1,0,0,1,0,1,0,0,0,
2026-08-22T20:04:48,228.3,FILL,1933.9,700.0,18.06,29.82,0.0,3.22,77.4,0,0,0.0,30.0,0.0,1800.0,45.0,1,0,1,0,0,1,0,1,0,0,0,
2026-08-22T20:04:49,238.6,FILL,1907.6,737.9,18.14,29.96,0.5,3.2,77.4,0,0,0.0,30.0,0.0,1800.0,45.0,1,0,1,0,0,1,0,1,0,0,0,
2026-08-22T20:04:50,249.0,FILL,1883.8,776.5,18.02,29.98,0.0,3.19,77.4,0,0,0.0,30.0,0.0,1800.0,45.0,1,0,1,0,0,1,0,1,0,0,0,
2026-08-22T20:04:51,259.3,FILL,1858.7,814.8,18.02,30.02,0.0,3.18,77.4,0,0,0.0,30.0,0.0,1800.0,45.0,1,0,1,0,0,1,1,1,0,0,0,
2026-08-22T20:04:52,269.8,FILL,1827.7,859.5,17.86,30.07,2.0,3.2,77.5,0,0,0.0,30.0,0.0,1800.0,45.0,1,0,1,0,0,1,1,1,0,0,0,
2026-08-22T20:04:53,280.1,FILL,1803.7,892.7,17.93,29.78,0.1,3.2,77.7,0,0,0.0,30.0,0.0,1800.0,45.0,1,0,1,0,0,1,1,1,0,0,0,
2026-08-22T20:04:54,290.4,FILL,1779.8,935.1,17.96,30.0,0.0,3.18,77.5,0,0,0.0,30.0,0.0,1800.0,45.0,1,0,1,0,0,1,1,1,0,0,0,
2026-08-22T20:04:55,300.8,FILL,1748.7,969.2,18.01,29.99,0.0,3.2,77.5,0,0,0.0,30.0,0.0,1800.0,45.0,1,0,1,0,0,1,1,1,0,0,0,
2026-08-22T20:04:56,311.3,FILL,1729.3,1004.1,18.0,29.96,1.8,3.2,77.5,0,0,0.0,30.0,0.0,1800.0,45.0,1,0,1,0,0,1,1,1,0,0,0,
2026-08-22T20:04:57,321.6,FILL,1699.9,1054.9,17.93,29.92,1.0,3.19,77.5,0,0,0.0,30.0,0.0,1800.0,45.0,1,0,1,0,0,1,1,1,0,0,0,
2026-08-22T20:04:58,332.1,FILL,1673.1,1091.2,18.07,29.92,0.0,3.2,77.5,0,0,0.0,30.0,0.0,1800.0,45.0,1,0,1,0,0,1,1,1,0,0,0,
2026-08-22T20:04:59,342.4,FILL,1644.4,1128.2,18.0,29.83,0.0,3.19,77.5,0,0,0.0,30.0,0.0,1800.0,45.0,1,0,1,0,0,1,1,1,0,0,0,
2026-08-22T20:05:00,352.7,FILL,1620.7,1171.6,18.01,29.91,0.0,3.2,77.5,0,0,0.0,30.0,0.0,1800.0,45.0,1,0,1,0,0,1,1,1,0,0,0,
2026-08-22T20:05:01,363.1,HEAT,1593.5,1202.0,18.04,29.98,0.0,3.18,94.9,100,100,0.0,50,239.9,1800.0,45.0,1,0,1,0,1,1,1,1,0,0,0,
2026-08-22T20:05:02,373.4,HEAT,1557.6,1250.3,18.05,40.32,289.2,3.2,95.1,100,60.0,0.0,50,322.5,1800.0,45.0,1,0,1,0,1,1,1,1,0,0,0,
2026-08-22T20:05:03,383.8,HEAT,1527.8,1304.4,18.17,43.1,329.7,3.17,98.5,100,66.8,0.0,50,344.8,1800.0,45.0,1,0,1,0,1,1,1,1,0,0,0,
2026-08-22T20:05:04,394.1,HEAT,1491.3,1367.5,18.21,44.75,352.4,3.2,100,100,69.6,0.0,50,358.0,1800.0,45.0,1,0,1,0,1,1,1,1,0,0,0,
2026-08-22T20:05:06,404.4,HEAT,1449.9,1427.0,18.38,45.02,358.3,3.19,100,100,69.7,0.0,50,360.2,1800.0,45.0,1,0,1,0,1,1,1,1,0,0,0,
2026-08-22T20:05:07,414.7,HEAT,1414.2,1481.9,18.53,45.1,356.8,3.19,100,100,73.7,0.0,50,360.8,1800.0,45.0,1,0,1,0,1,1,1,1,0,0,0,
2026-08-22T20:05:08,425.0,HEAT,1375.5,1535.3,18.54,45.02,357.6,3.2,100,100,73.2,0.0,50,360.1,1800.0,45.0,1,0,1,0,1,1,1,1,0,0,0,
2026-08-22T20:05:09,435.4,HEAT,1337.9,1598.5,18.71,44.99,361.2,3.2,100,100,71.8,0.0,50,359.9,1800.0,45.0,1,0,1,0,1,1,1,1,0,0,0,
2026-08-22T20:05:10,445.7,HEAT,1295.9,1650.8,18.67,44.97,359.3,3.19,100,100,71.9,0.0,50,359.8,1800.0,45.0,1,0,1,0,1,1,1,1,0,0,0,
2026-08-22T20:05:11,456.1,HEAT,1263.8,1715.0,18.8,45.07,359.6,3.2,100,100,72.0,0.0,50,360.6,1800.0,45.0,1,0,1,0,1,1,1,1,0,0,0,
2026-08-22T20:05:12,466.5,HEAT,1221.1,1768.6,18.91,44.2,352.3,3.2,91.3,100,71.6,0.0,38.27,353.6,1800.0,45.0,1,0,1,0,1,1,1,1,0,0,0,
2026-08-22T20:05:13,476.9,HEAT,1191.7,1815.0,18.95,23.39,213.9,3.2,60.6,100,36.4,0.0,0,187.1,1800.0,45.0,1,0,1,0,1,1,1,1,0,0,0,
2026-08-22T20:05:14,487.2,HEAT,1174.2,1833.1,18.99,17.4,159.8,3.19,51.8,100,25.3,0.0,0,139.2,1800.0,45.0,1,0,1,0,1,1,1,1,0,0,0,
2026-08-22T20:05:15,497.5,HEAT,1161.6,1860.9,19.19,13.64,119.5,3.19,44.4,99.7,22.1,0.0,0,109.1,1800.0,45.0,1,0,1,0,1,1,1,1,0,0,0,
2026-08-22T20:05:16,507.8,HEAT,1146.3,1874.5,19.16,10.65,92.9,3.19,38.6,100,17.1,0.0,0,85.2,1800.0,45.0,1,0,1,0,1,1,1,1,0,0,0,
2026-08-22T20:05:17,518.1,HEAT,1146.4,1888.4,19.23,8.5,73.9,3.21,33.9,100,13.5,0.0,0,68.0,1800.0,45.0,1,0,1,0,1,1,1,1,0,0,0,
2026-08-22T20:05:18,528.4,HEAT,1136.8,1895.8,19.31,6.98,57.5,3.18,29.8,100,13.9,0.0,0,55.8,1800.0,45.0,1,0,1,0,1,1,1,1,0,0,0,
2026-08-22T20:05:19,538.8,HEAT,1132.5,1901.2,19.36,5.67,48.3,3.19,26.5,100,9.4,0.0,0,45.4,1800.0,45.0,1,0,1,0,1,1,1,1,0,0,0,
2026-08-22T20:05:20,549.0,HEAT,1126.1,1908.2,19.47,4.9,40.1,3.21,23.6,100,9.2,0.0,0,39.2,1800.0,45.0,1,0,1,0,1,1,1,1,0,0,0,
2026-08-22T20:05:21,559.3,HEAT,1119.0,1910.0,19.55,4.08,37.3,3.19,21.2,100,4.7,0.0,0,32.7,1800.0,45.0,1,0,1,0,1,1,1,1,0,0,0,
2026-08-22T20:05:22,569.7,HEAT,1116.5,1916.8,19.7,3.37,27.3,3.2,19.3,100,6.5,0.0,0,26.9,1800.0,45.0,1,0,1,0,1,1,1,1,0,0,0,
2026-08-22T20:05:23,580.1,HEAT,1121.1,1925.7,19.64,2.87,29.6,3.2,17.5,100,1.2,0.0,0,23.0,1800.0,45.0,1,0,1,0,1,1,1,1,0,0,0,
2026-08-22T20:05:24,590.4,HEAT,1113.4,1935.9,19.7,2.64,21.5,3.2,15.8,100,4.7,0.0,0,21.1,1800.0,45.0,1,0,1,0,1,1,1,1,0,0,0,
2026-08-22T20:05:25,600.7,HEAT,1118.1,1928.3,19.93,2.25,21.0,3.21,14.5,100,2.0,0.0,0,18.0,1800.0,45.0,1,0,1,0,1,1,1,1,0,0,0,
2026-08-22T20:05:26,611.1,HEAT,1111.8,1931.2,19.94,1.99,3.5,3.2,13.3,100,0,0.0,0,0.0,1800.0,45.0,1,0,1,0,1,1,1,1,0,0,0,
2026-08-22T20:05:27,621.5,HEAT,1104.4,1934.6,20.16,1.52,2.6,3.2,12.5,96.6,0,0.0,0,0.0,1800.0,45.0,1,0,1,0,1,1,1,1,0,0,0,
2026-08-22T20:05:28,631.9,HEAT,1110.4,1935.9,20.17,1.46,0.7,3.2,11.5,100,0,0.0,0,0.0,1800.0,45.0,1,0,1,0,1,1,1,1,0,0,0,
2026-08-22T20:05:29,642.2,HEAT,1106.6,1936.9,20.31,1.24,2.1,3.2,10.7,97.6,0,0.0,0,0.0,1800.0,45.0,1,0,1,0,1,1,1,1,0,0,0,
2026-08-22T20:05:30,652.6,HEAT,1105.0,1941.8,20.35,1.23,0.5,3.22,9.9,100,0,0.0,0,0.0,1800.0,45.0,1,0,1,0,1,1,1,1,0,0,0,
2026-08-22T20:05:31,663.0,HEAT,1103.7,1940.9,20.4,1.09,0.1,3.2,9.2,100,0,0.0,0,0.0,1800.0,45.0,1,0,1,0,1,1,1,1,0,0,0,
2026-08-22T20:05:32,673.3,HEAT,1108.3,1943.9,20.46,0.94,1.5,3.2,8.6,100,0,0.0,0,0.0,1800.0,45.0,1,0,1,0,1,1,1,1,0,0,0,
2026-08-22T20:05:33,683.6,HEAT,1100.5,1942.4,20.53,0.92,0.0,3.21,8.0,100,0,0.0,0,0.0,1800.0,45.0,1,0,1,0,1,1,1,1,0,0,0,
2026-08-22T20:05:34,694.0,HEAT,1105.3,1945.8,20.58,0.82,0.7,3.2,7.5,100,0,0.0,0,0.0,1800.0,45.0,1,0,1,0,1,1,1,1,0,0,0,
2026-08-22T20:05:36,704.3,HEAT,1095.9,1943.6,20.67,0.66,2.4,3.2,7.2,100,0,0.0,0,0.0,1800.0,45.0,1,0,1,0,1,1,1,1,0,0,0,
2026-08-22T20:05:37,714.6,HEAT,1105.6,1944.2,20.78,0.61,1.8,3.19,6.7,100,0,0.0,0,0.0,1800.0,45.0,1,0,1,0,1,1,1,1,0,0,0,
2026-08-22T20:05:38,724.9,HEAT,1103.4,1949.1,20.96,0.58,0.3,3.19,6.4,100,0,0.0,0,0.0,1800.0,45.0,1,0,1,0,1,1,1,1,0,0,0,
2026-08-22T20:05:39,735.3,HEAT,1102.8,1947.1,20.96,0.46,0.0,3.22,6.1,100,0,0.0,0,0.0,1800.0,45.0,1,0,1,0,1,1,1,1,0,0,0,
2026-08-22T20:05:40,745.6,HEAT,1099.7,1946.3,21.12,0.45,0.0,3.2,5.8,100,0,0.0,0,0.0,1800.0,45.0,1,0,1,0,1,1,1,1,0,0,0,
2026-08-22T20:05:41,755.9,HEAT,1096.8,1949.1,21.22,0.39,0.0,3.21,5.5,98.1,0,0.0,0,0.0,1800.0,45.0,1,0,1,0,1,1,1,1,0,0,0,
2026-08-22T20:05:42,766.3,HEAT,1095.9,1946.5,21.19,0.4,0.8,3.2,5.2,100,0,0.0,0,0.0,1800.0,45.0,1,0,1,0,1,1,1,1,0,0,0,
2026-08-22T20:05:43,776.6,HEAT,1101.6,1950.5,21.27,0.35,1.0,3.2,5.0,100,0,0.0,0,0.0,1800.0,45.0,1,0,1,0,1,1,1,1,0,0,0,
2026-08-22T20:05:44,786.9,HEAT,1104.3,1951.2,21.42,0.31,0.0,3.2,4.8,100,0,0.0,0,0.0,1800.0,45.0,1,0,1,0,1,1,1,1,0,0,0,
2026-08-22T20:05:45,797.2,HEAT,1098.2,1954.0,21.44,0.42,0.5,3.18,4.5,100,0,0.0,0,0.0,1800.0,45.0,1,0,1,0,1,1,1,1,0,0,0,
2026-08-22T20:05:46,807.5,HEAT,1093.5,1954.3,21.57,0.26,0.7,3.2,4.4,100,0,0.0,0,0.0,1800.0,45.0,1,0,1,0,1,1,1,1,0,0,0,
2026-08-22T20:05:47,817.9,HEAT,1097.7,1951.3,21.75,0.3,0.0,3.21,4.1,100,0,0.0,0,0.0,1800.0,45.0,1,0,1,0,1,1,1,1,0,0,0,
2026-08-22T20:05:48,828.2,HEAT,1100.3,1950.9,21.71,0.21,0.7,3.21,4.0,100,0,0.0,0,0.0,1800.0,45.0,1,0,1,0,1,1,1,1,0,0,0,
2026-08-22T20:05:49,838.5,HEAT,1098.2,1958.4,21.79,0.27,0.4,3.22,3.8,100,0,0.0,0,0.0,1800.0,45.0,1,0,1,0,1,1,1,1,0,0,0,
2026-08-22T20:05:50,848.8,HEAT,1103.7,1953.8,21.9,0.29,0.4,3.19,3.6,100,0,0.0,0,0.0,1800.0,45.0,1,0,1,0,1,1,1,1,0,0,0,
2026-08-22T20:05:51,859.2,HEAT,1090.4,1954.2,21.99,0.32,1.6,3.18,3.4,100,0,0.0,0,0.0,1800.0,45.0,1,0,1,0,1,1,1,1,0,0,0,
2026-08-22T20:05:52,869.5,HEAT,1096.6,1953.8,22.03,0.09,1.9,3.2,3.6,100,0,0.0,0,0.0,1800.0,45.0,1,0,1,0,1,1,1,1,0,0,0,
2026-08-22T20:05:53,879.9,HEAT,1098.6,1953.3,22.08,0.23,1.4,3.19,3.3,100,0,0.0,0,0.0,1800.0,45.0,1,0,1,0,1,1,1,1,0,0,0,
2026-08-22T20:05:54,890.2,HEAT,1094.7,1954.8,22.32,0.16,0.0,3.2,3.3,100,0,0.0,0,0.0,1800.0,45.0,1,0,1,0,1,1,1,1,0,0,0,
2026-08-22T20:05:55,900.5,HEAT,1094.5,1954.7,22.3,0.18,0.0,3.2,3.3,100,0,0.0,0,0.0,1800.0,45.0,1,0,1,0,1,1,1,1,0,0,0,
2026-08-22T20:05:56,910.8,HEAT,1099.1,1957.9,22.37,0.14,0.0,3.2,3.2,100,0,0.0,0,0.0,1800.0,45.0,1,0,1,0,1,1,1,1,0,0,0,
2026-08-22T20:05:57,921.2,HEAT,1098.0,1956.7,22.53,0.27,0.6,3.21,2.9,100,0,0.0,0,0.0,1800.0,45.0,1,0,1,0,1,1,1,1,0,0,0,
2026-08-22T20:05:58,931.5,HEAT,1096.0,1954.0,22.56,0.04,0.0,3.21,3.1,100,0,0.0,0,0.0,1800.0,45.0,1,0,1,0,1,1,1,1,0,0,0,
2026-08-22T20:05:59,941.8,HEAT,1092.1,1957.9,22.7,0.07,0.0,3.19,3.1,100,0,0.0,0,0.0,1800.0,45.0,1,0,1,0,1,1,1,1,0,0,0,
2026-08-22T20:06:00,952.4,HEAT,1103.2,1953.6,22.79,0.14,0.5,3.21,3.0,100,0,0.0,0,0.0,1800.0,45.0,1,0,1,0,1,1,1,1,0,0,0,
2026-08-22T20:06:01,962.8,HEAT,1098.1,1960.8,22.91,0.19,0.0,3.21,3.0,100,0,0.0,0,0.0,1800.0,45.0,1,0,1,0,1,1,1,1,0,0,0,
2026-08-22T20:06:02,973.2,HEAT,1092.1,1956.1,22.98,0.01,0.5,3.2,2.9,100,0,0.0,0,0.0,1800.0,45.0,1,0,1,0,1,1,1,1,0,0,0,
2026-08-22T20:06:03,983.5,HEAT,1093.6,1960.2,22.99,0.14,0.0,3.19,2.9,100,0,0.0,0,0.0,1800.0,45.0,1,0,1,0,1,1,1,1,0,0,0,
2026-08-22T20:06:04,993.9,HEAT,1095.1,1960.1,23.05,0.18,1.6,3.19,2.9,100,0,0.0,0,0.0,1800.0,45.0,1,0,1,0,1,1,1,1,0,0,0,
2026-08-22T20:06:06,1004.3,HEAT,1094.5,1960.1,23.23,0.25,0.7,3.2,2.6,100,0,0.0,0,0.0,1800.0,45.0,1,0,1,0,1,1,1,1,0,0,0,
2026-08-22T20:06:07,1014.6,HEAT,1091.8,1956.2,23.33,0.24,0.0,3.19,2.5,99.9,0,0.0,0,0.0,1800.0,45.0,1,0,1,0,1,1,1,1,0,0,0,
2026-08-22T20:06:08,1025.1,HEAT,1091.4,1955.5,23.35,0.18,0.8,3.2,2.7,100,0,0.0,0,0.0,1800.0,45.0,1,0,1,0,1,1,1,1,0,0,0,
2026-08-22T20:06:09,1035.4,HEAT,1093.2,1955.5,23.44,0.19,0.0,3.21,2.7,100,0,0.0,0,0.0,1800.0,45.0,1,0,1,0,1,1,1,1,0,0,0,
2026-08-22T20:06:10,1045.7,HEAT,1092.0,1956.7,23.56,0.19,0.5,3.2,2.6,100,0,0.0,0,0.0,1800.0,45.0,1,0,1,0,1,1,1,1,0,0,0,
2026-08-22T20:06:11,1056.0,HEAT,1096.2,1959.7,23.6,0.19,0.0,3.2,2.6,100,0,0.0,0,0.0,1800.0,45.0,1,0,1,0,1,1,1,1,0,0,0,
2026-08-22T20:06:12,1066.3,HEAT,1087.0,1960.1,23.61,0.19,0.0,3.21,2.6,100,0,0.0,0,0.0,1800.0,45.0,1,0,1,0,1,1,1,1,0,0,0,
2026-08-22T20:06:13,1076.7,HEAT,1099.3,1960.2,23.75,0.2,0.0,3.18,2.6,100,0,0.0,0,0.0,1800.0,45.0,1,0,1,0,1,1,1,1,0,0,0,
2026-08-22T20:06:14,1087.0,HEAT,1092.2,1955.9,23.84,0.14,0.3,3.21,2.5,100,0,0.0,0,0.0,1800.0,45.0,1,0,1,0,1,1,1,1,0,0,0,
2026-08-22T20:06:15,1097.4,HEAT,1093.5,1961.7,23.93,0.04,1.2,3.2,2.5,100,0,0.0,0,0.0,1800.0,45.0,1,0,1,0,1,1,1,1,0,0,0,
2026-08-22T20:06:16,1107.7,HEAT,1095.6,1960.8,23.95,0.16,0.0,3.21,2.4,100,0,0.0,0,0.0,1800.0,45.0,1,0,1,0,1,1,1,1,0,0,0,
2026-08-22T20:06:17,1118.1,HEAT,1089.5,1963.3,24.16,0.2,0.8,3.19,2.4,100,0,0.0,0,0.0,1800.0,45.0,1,0,1,0,1,1,1,1,0,0,0,
2026-08-22T20:06:18,1128.3,HEAT,1094.9,1958.2,24.2,0.18,0.0,3.21,2.3,100,0,0.0,0,0.0,1800.0,45.0,1,0,1,0,1,1,1,1,0,0,0,
2026-08-22T20:06:19,1138.7,HEAT,1095.3,1959.4,24.34,0.06,0.1,3.2,2.3,100,0,0.0,0,0.0,1800.0,45.0,1,0,1,0,1,1,1,1,0,0,0,
2026-08-22T20:06:20,1149.1,HEAT,1093.9,1960.3,24.45,0.05,0.2,3.19,2.3,100,0,0.0,0,0.0,1800.0,45.0,1,0,1,0,1,1,1,1,0,0,0,
2026-08-22T20:06:21,1159.5,HEAT,1093.4,1957.8,24.51,0.09,0.0,3.21,2.3,100,0,0.0,0,0.0,1800.0,45.0,1,0,1,0,1,1,1,1,0,0,0,
2026-08-22T20:06:22,1169.7,HEAT,1093.4,1953.0,24.57,0.05,0.0,3.19,2.2,95.7,0,0.0,0,0.0,1800.0,45.0,1,0,1,0,1,1,1,1,0,0,0,
2026-08-22T20:06:23,1180.0,HEAT,1097.5,1959.3,24.66,0.16,2.5,3.2,2.2,100,0,0.0,0,0.0,1800.0,45.0,1,0,1,0,1,1,1,1,0,0,0,
2026-08-22T20:06:24,1190.3,HEAT,1095.4,1960.4,24.72,0.05,0.4,3.22,2.2,100,0,0.0,0,0.0,1800.0,45.0,1,0,1,0,1,1,1,1,0,0,0,
2026-08-22T20:06:25,1200.7,HEAT,1093.3,1961.9,24.85,0.14,0.0,3.2,2.1,99.5,0,0.0,0,0.0,1800.0,45.0,1,0,1,0,1,1,1,1,0,0,0,
2026-08-22T20:06:26,1211.0,HEAT,1096.7,1961.9,24.83,0.19,0.0,3.22,2.1,100,0,0.0,0,0.0,1800.0,45.0,1,0,1,0,1,1,1,1,0,0,0,
2026-08-22T20:06:27,1221.3,HEAT,1096.0,1954.6,24.92,0.1,0.5,3.22,2.1,100,0,0.0,0,0.0,1800.0,45.0,1,0,1,0,1,1,1,1,0,0,0,
2026-08-22T20:06:28,1231.6,HEAT,1094.3,1960.6,24.99,0.0,0.9,3.2,2.1,100,0,0.0,0,0.0,1800.0,45.0,1,0,1,0,1,1,1,1,0,0,0,
2026-08-22T20:06:29,1242.0,HEAT,1094.6,1961.0,25.12,0.02,0.0,3.21,2.1,100,0,0.0,0,0.0,1800.0,45.0,1,0,1,0,1,1,1,1,0,0,0,
2026-08-22T20:06:30,1252.3,HEAT,1097.2,1960.9,25.2,0.18,0.0,3.19,2.1,100,0,0.0,0,0.0,1800.0,45.0,1,0,1,0,1,1,1,1,0,0,0,
2026-08-22T20:06:31,1262.8,HEAT,1091.9,1957.6,25.3,0.19,0.0,3.2,2.1,100,0,0.0,0,0.0,1800.0,45.0,1,0,1,0,1,1,1,1,0,0,0,
2026-08-22T20:06:32,1273.1,HEAT,1096.2,1963.1,25.32,0.07,1.0,3.2,2.1,100,0,0.0,0,0.0,1800.0,45.0,1,0,1,0,1,1,1,1,0,0,0,
2026-08-22T20:06:33,1283.5,HEAT,1091.4,1961.1,25.34,0.16,0.0,3.2,2.1,100,0,0.0,0,0.0,1800.0,45.0,1,0,1,0,1,1,1,1,0,0,0,
2026-08-22T20:06:34,1293.9,HEAT,1096.2,1957.4,25.58,0.01,0.0,3.21,2.1,100,0,0.0,0,0.0,1800.0,45.0,1,0,1,0,1,1,1,1,0,0,0,
2026-08-22T20:06:36,1304.3,HEAT,1094.1,1960.4,25.64,0.14,0.0,3.21,2.1,100,0,0.0,0,0.0,1800.0,45.0,1,0,1,0,1,1,1,1,0,0,0,
2026-08-22T20:06:37,1314.7,HEAT,1091.3,1959.8,25.7,0.09,1.2,3.19,2.0,100,0,0.0,0,0.0,1800.0,45.0,1,0,1,0,1,1,1,1,0,0,0,
2026-08-22T20:06:38,1325.0,HEAT,1085.3,1961.7,25.78,0.13,0.7,3.19,2.0,100,0,0.0,0,0.0,1800.0,45.0,1,0,1,0,1,1,1,1,0,0,0,
2026-08-22T20:06:39,1335.2,HEAT,1092.7,1965.0,25.84,0.11,0.0,3.22,2.0,100,0,0.0,0,0.0,1800.0,45.0,1,0,1,0,1,1,1,1,0,0,0,
2026-08-22T20:06:40,1345.6,HEAT,1089.3,1965.2,25.97,0.04,1.2,3.19,2.0,100,0,0.0,0,0.0,1800.0,45.0,1,0,1,0,1,1,1,1,0,0,0,
2026-08-22T20:06:41,1355.9,HEAT,1095.2,1961.1,26.16,0.23,0.0,3.21,1.8,93.5,0,0.0,0,0.0,1800.0,45.0,1,0,1,0,1,1,1,1,0,0,0,
2026-08-22T20:06:42,1366.2,HEAT,1094.4,1961.2,26.14,0.15,0.5,3.2,2.0,100,0,0.0,0,0.0,1800.0,45.0,1,0,1,0,1,1,1,1,0,0,0,
2026-08-22T20:06:43,1376.6,HEAT,1093.0,1962.3,26.14,0.15,0.0,3.2,2.0,100,0,0.0,0,0.0,1800.0,45.0,1,0,1,0,1,1,1,1,0,0,0,
2026-08-22T20:06:44,1386.9,HEAT,1093.6,1962.3,26.28,0.0,0.0,3.18,1.9,100,0,0.0,0,0.0,1800.0,45.0,1,0,1,0,1,1,1,1,0,0,0,
2026-08-22T20:06:45,1397.3,HEAT,1095.1,1962.1,26.4,0.08,0.4,3.2,1.9,100,0,0.0,0,0.0,1800.0,45.0,1,0,1,0,1,1,1,1,0,0,0,
2026-08-22T20:06:46,1407.6,HEAT,1090.3,1963.8,26.41,0.21,0.8,3.21,1.7,100,0,0.0,0,0.0,1800.0,45.0,1,0,1,0,1,1,1,1,0,0,0,
2026-08-22T20:06:47,1418.0,HEAT,1088.1,1958.9,26.48,0.05,1.9,3.21,1.9,100,0,0.0,0,0.0,1800.0,45.0,1,0,1,0,1,1,1,1,0,0,0,
2026-08-22T20:06:48,1428.4,HEAT,1091.6,1958.1,26.67,0.15,0.0,3.21,1.9,100,0,0.0,0,0.0,1800.0,45.0,1,0,1,0,1,1,1,1,0,0,0,
2026-08-22T20:06:49,1438.6,HEAT,1086.7,1962.7,26.74,0.0,0.0,3.19,1.9,100,0,0.0,0,0.0,1800.0,45.0,1,0,1,0,1,1,1,1,0,0,0,
2026-08-22T20:06:50,1449.0,HEAT,1090.0,1963.8,26.76,0.07,0.0,3.19,1.9,100,0,0.0,0,0.0,1800.0,45.0,1,0,1,0,1,1,1,1,0,0,0,
2026-08-22T20:06:51,1459.4,HEAT,1091.0,1962.5,26.83,0.22,0.0,3.2,1.7,100,0,0.0,0,0.0,1800.0,45.0,1,0,1,0,1,1,1,1,0,0,0,
2026-08-22T20:06:52,1469.7,HEAT,1088.7,1962.1,26.91,0.04,2.1,3.2,1.9,100,0,0.0,0,0.0,1800.0,45.0,1,0,1,0,1,1,1,1,0,0,0,
2026-08-22T20:06:53,1480.1,HEAT,1090.8,1965.7,27.02,0.0,1.7,3.2,1.9,100,0,0.0,0,0.0,1800.0,45.0,1,0,1,0,1,1,1,1,0,0,0,
2026-08-22T20:06:54,1490.5,HEAT,1091.0,1960.1,27.15,0.02,1.9,3.2,1.8,100,0,0.0,0,0.0,1800.0,45.0,1,0,1,0,1,1,1,1,0,0,0,
2026-08-22T20:06:55,1500.9,HEAT,1093.5,1962.1,27.17,0.0,1.2,3.19,1.8,100,0,0.0,0,0.0,1800.0,45.0,1,0,1,0,1,1,1,1,0,0,0,
2026-08-22T20:06:56,1511.2,HEAT,1094.1,1964.9,27.21,0.1,0.1,3.21,1.8,100,0,0.0,0,0.0,1800.0,45.0,1,0,1,0,1,1,1,1,0,0,0,
2026-08-22T20:06:57,1521.5,HEAT,1102.2,1961.8,27.39,0.07,0.8,3.18,1.8,100,0,0.0,0,0.0,1800.0,45.0,1,0,1,0,1,1,1,1,0,0,0,
2026-08-22T20:06:58,1531.9,HEAT,1090.2,1963.4,27.46,0.12,0.1,3.2,1.8,100,0,0.0,0,0.0,1800.0,45.0,1,0,1,0,1,1,1,1,0,0,0,
2026-08-22T20:06:59,1542.2,HEAT,1093.8,1968.0,27.59,0.07,1.4,3.2,1.8,100,0,0.0,0,0.0,1800.0,45.0,1,0,1,0,1,1,1,1,0,0,0,
2026-08-22T20:07:00,1552.6,HEAT,1092.1,1960.7,27.62,0.04,1.3,3.19,1.8,100,0,0.0,0,0.0,1800.0,45.0,1,0,1,0,1,1,1,1,0,0,0,
2026-08-22T20:07:01,1563.0,HEAT,1088.0,1964.1,27.73,0.16,0.0,3.19,1.8,100,0,0.0,0,0.0,1800.0,45.0,1,0,1,0,1,1,1,1,0,0,0,
2026-08-22T20:07:02,1573.3,HEAT,1091.7,1964.1,27.77,0.0,0.0,3.18,1.8,100,0,0.0,0,0.0,1800.0,45.0,1,0,1,0,1,1,1,1,0,0,0,
2026-08-22T20:07:03,1583.5,HEAT,1093.9,1964.1,27.71,0.06,0.0,3.2,1.8,100,0,0.0,0,0.0,1800.0,45.0,1,0,1,0,1,1,1,1,0,0,0,
2026-08-22T20:07:04,1593.9,HEAT,1085.9,1965.7,27.98,0.09,0.0,3.2,1.8,100,0,0.0,0,0.0,1800.0,45.0,1,0,1,0,1,1,1,1,0,0,0,
2026-08-22T20:07:06,1604.3,HEAT,1091.4,1965.9,28.09,0.2,1.1,3.21,1.8,98.8,0,0.0,0,0.0,1800.0,45.0,1,0,1,0,1,1,1,1,0,0,0,
2026-08-22T20:07:07,1614.6,HEAT,1095.7,1967.2,28.15,0.26,0.4,3.2,1.6,100,0,0.0,0,0.0,1800.0,45.0,1,0,1,0,1,1,1,1,0,0,0,
2026-08-22T20:07:08,1625.0,HEAT,1094.7,1965.5,28.13,0.07,0.2,3.19,1.8,100,0,0.0,0,0.0,1800.0,45.0,1,0,1,0,1,1,1,1,0,0,0,
2026-08-22T20:07:09,1635.3,HEAT,1088.4,1964.7,28.28,0.08,0.3,3.2,1.8,100,0,0.0,0,0.0,1800.0,45.0,1,0,1,0,1,1,1,1,0,0,0,
2026-08-22T20:07:10,1645.8,HEAT,1089.2,1970.8,28.36,0.01,0.0,3.21,1.8,100,0,0.0,0,0.0,1800.0,45.0,1,0,1,0,1,1,1,1,0,0,0,
2026-08-22T20:07:11,1656.2,HEAT,1088.3,1961.7,28.4,0.11,0.5,3.21,1.8,100,0,0.0,0,0.0,1800.0,45.0,1,0,1,0,1,1,1,1,0,0,0,
2026-08-22T20:07:12,1666.5,HEAT,1091.7,1966.6,28.61,0.04,0.0,3.2,1.8,100,0,0.0,0,0.0,1800.0,45.0,1,0,1,0,1,1,1,1,0,0,0,
2026-08-22T20:07:13,1676.8,HEAT,1088.0,1961.1,28.62,0.02,0.0,3.21,1.8,100,0,0.0,0,0.0,1800.0,45.0,1,0,1,0,1,1,1,1,0,0,0,
2026-08-22T20:07:14,1687.2,HEAT,1091.3,1965.7,28.73,0.0,0.0,3.21,1.8,100,0,0.0,0,0.0,1800.0,45.0,1,0,1,0,1,1,1,1,0,0,0,
2026-08-22T20:07:15,1697.4,HEAT,1088.7,1971.3,28.8,0.07,0.0,3.21,1.7,100,0,0.0,0,0.0,1800.0,45.0,1,0,1,0,1,1,1,1,0,0,0,
2026-08-22T20:07:16,1707.8,HEAT,1086.4,1965.0,28.93,0.14,0.3,3.21,1.7,92.1,0,0.0,0,0.0,1800.0,45.0,1,0,1,0,1,1,1,1,0,0,0,
2026-08-22T20:07:17,1718.2,HEAT,1090.3,1962.6,28.84,0.0,1.1,3.19,1.7,100,0,0.0,0,0.0,1800.0,45.0,1,0,1,0,1,1,1,1,0,0,0,
2026-08-22T20:07:18,1728.5,HEAT,1093.1,1970.0,29.11,0.08,0.0,3.19,1.7,96.6,0,0.0,0,0.0,1800.0,45.0,1,0,1,0,1,1,1,1,0,0,0,
2026-08-22T20:07:19,1738.8,HEAT,1091.0,1969.7,29.13,0.09,0.0,3.2,1.7,100,0,0.0,0,0.0,1800.0,45.0,1,0,1,0,1,1,1,1,0,0,0,
2026-08-22T20:07:20,1749.1,HEAT,1090.3,1964.4,29.25,0.04,0.6,3.18,1.7,100,0,0.0,0,0.0,1800.0,45.0,1,0,1,0,1,1,1,1,0,0,0,
2026-08-22T20:07:21,1759.5,HEAT,1086.3,1963.4,29.22,0.0,0.5,3.2,1.7,100,0,0.0,0,0.0,1800.0,45.0,1,0,1,0,1,1,1,1,0,0,0,
2026-08-22T20:07:22,1769.9,HEAT,1088.1,1969.5,29.41,0.14,0.0,3.19,1.7,100,0,0.0,0,0.0,1800.0,45.0,1,0,1,0,1,1,1,1,0,0,0,
2026-08-22T20:07:23,1780.2,HEAT,1088.7,1966.4,29.45,0.02,0.0,3.21,1.7,100,0,0.0,0,0.0,1800.0,45.0,1,0,1,0,1,1,1,1,0,0,0,
2026-08-22T20:07:24,1790.6,HEAT,1091.4,1963.9,29.54,0.12,3.2,3.19,1.7,100,0,0.0,0,0.0,1800.0,45.0,1,0,1,0,1,1,1,1,0,0,0,
2026-08-22T20:07:25,1801.0,HEAT,1081.9,1962.5,29.72,0.13,0.7,3.2,1.7,100,0,0.0,0,0.0,1800.0,45.0,1,0,1,0,1,1,1,1,0,0,0,
2026-08-22T20:07:26,1811.3,HEAT,1085.7,1965.0,29.72,0.06,0.2,3.22,1.7,100,0,0.0,0,0.0,1800.0,45.0,1,0,1,0,1,1,1,1,0,0,0,
2026-08-22T20:07:27,1821.6,HEAT,1097.0,1961.2,29.86,0.07,0.6,3.22,1.7,100,0,0.0,0,0.0,1800.0,45.0,1,0,1,0,1,1,1,1,0,0,0,
2026-08-22T20:07:28,1831.9,HEAT,1092.3,1966.1,29.89,0.13,1.9,3.2,1.7,100,0,0.0,0,0.0,1800.0,45.0,1,0,1,0,1,1,1,1,0,0,0,
2026-08-22T20:07:29,1842.2,HEAT,1088.8,1965.9,30.06,0.03,2.2,3.2,1.7,100,0,0.0,0,0.0,1800.0,45.0,1,0,1,0,1,1,1,1,0,0,0,
2026-08-22T20:07:30,1852.6,HEAT,1083.2,1964.9,30.11,0.06,0.0,3.21,1.6,100,0,0.0,0,0.0,1800.0,45.0,1,0,1,0,1,1,1,1,0,0,0,
2026-08-22T20:07:31,1863.0,HEAT,1093.2,1970.4,30.08,0.18,0.0,3.21,1.6,100,0,0.0,0,0.0,1800.0,45.0,1,0,1,0,1,1,1,1,0,0,0,
2026-08-22T20:07:32,1873.3,HEAT,1086.7,1962.5,30.3,0.0,0.0,3.18,1.6,100,0,0.0,0,0.0,1800.0,45.0,1,0,1,0,1,1,1,1,0,0,0,
2026-08-22T20:07:33,1883.7,HEAT,1093.6,1967.4,30.33,0.22,0.4,3.2,1.4,97.5,0,0.0,0,0.0,1800.0,45.0,1,0,1,0,1,1,1,1,0,0,0,
2026-08-22T20:07:34,1894.0,HEAT,1090.1,1967.7,30.37,0.09,0.3,3.2,1.6,100,0,0.0,0,0.0,1800.0,45.0,1,0,1,0,1,1,1,1,0,0,0,
2026-08-22T20:07:36,1904.3,HEAT,1085.1,1967.2,30.48,0.16,0.2,3.19,1.6,100,0,0.0,0,0.0,1800.0,45.0,1,0,1,0,1,1,1,1,0,0,0,
2026-08-22T20:07:37,1914.6,HEAT,1085.6,1965.9,30.54,0.17,1.0,3.22,1.6,100,0,0.0,0,0.0,1800.0,45.0,1,0,1,0,1,1,1,1,0,0,0,
2026-08-22T20:07:38,1924.9,HEAT,1088.2,1966.6,30.57,0.0,0.0,3.19,1.6,100,0,0.0,0,0.0,1800.0,45.0,1,0,1,0,1,1,1,1,0,0,0,
2026-08-22T20:07:39,1935.3,HEAT,1083.1,1970.2,30.67,0.13,0.4,3.2,1.6,100,0,0.0,0,0.0,1800.0,45.0,1,0,1,0,1,1,1,1,0,0,0,
2026-08-22T20:07:40,1945.7,HEAT,1091.4,1966.8,30.81,0.0,0.0,3.22,1.6,100,0,0.0,0,0.0,1800.0,45.0,1,0,1,0,1,1,1,1,0,0,0,
2026-08-22T20:07:41,1956.0,HEAT,1083.1,1966.1,30.9,0.13,0.0,3.18,1.6,100,0,0.0,0,0.0,1800.0,45.0,1,0,1,0,1,1,1,1,0,0,0,
2026-08-22T20:07:42,1966.4,HEAT,1090.5,1964.2,31.04,0.08,0.1,3.2,1.6,100,0,0.0,0,0.0,1800.0,45.0,1,0,1,0,1,1,1,1,0,0,0,
2026-08-22T20:07:43,1976.7,HEAT,1091.8,1967.4,31.05,0.09,0.2,3.2,1.6,100,0,0.0,0,0.0,1800.0,45.0,1,0,1,0,1,1,1,1,0,0,0,
2026-08-22T20:07:44,1987.1,HEAT,1084.7,1966.1,31.09,0.0,0.0,3.19,1.6,100,0,0.0,0,0.0,1800.0,45.0,1,0,1,0,1,1,1,1,0,0,0,
2026-08-22T20:07:45,1997.4,HEAT,1085.5,1971.3,31.22,0.0,1.4,3.19,1.6,100,0,0.0,0,0.0,1800.0,45.0,1,0,1,0,1,1,1,1,0,0,0,
2026-08-22T20:07:46,2007.8,HEAT,1087.5,1967.1,31.37,0.2,0.0,3.2,1.4,100,0,0.0,0,0.0,1800.0,45.0,1,0,1,0,1,1,1,1,0,0,0,
2026-08-22T20:07:47,2018.1,HEAT,1087.7,1968.4,31.33,0.0,0.0,3.21,1.5,100,0,0.0,0,0.0,1800.0,45.0,1,0,1,0,1,1,1,1,0,0,0,
2026-08-22T20:07:48,2028.5,HEAT,1084.7,1970.7,31.49,0.16,0.0,3.2,1.5,100,0,0.0,0,0.0,1800.0,45.0,1,0,1,0,1,1,1,1,0,0,0,
2026-08-22T20:07:49,2038.9,HEAT,1086.8,1969.6,31.58,0.03,0.8,3.19,1.5,100,0,0.0,0,0.0,1800.0,45.0,1,0,1,0,1,1,1,1,0,0,0,
2026-08-22T20:07:50,2049.2,HEAT,1088.9,1966.1,31.69,0.16,0.0,3.17,1.5,98.7,0,0.0,0,0.0,1800.0,45.0,1,0,1,0,1,1,1,1,0,0,0,
2026-08-22T20:07:51,2059.5,HEAT,1089.0,1970.0,31.75,0.0,1.5,3.21,1.5,100,0,0.0,0,0.0,1800.0,45.0,1,0,1,0,1,1,1,1,0,0,0,
2026-08-22T20:07:52,2069.8,HEAT,1092.8,1966.1,31.84,0.04,0.0,3.21,1.5,100,0,0.0,0,0.0,1800.0,45.0,1,0,1,0,1,1,1,1,0,0,0,
2026-08-22T20:07:53,2080.2,HEAT,1085.6,1964.9,31.91,0.11,0.0,3.2,1.5,99.3,0,0.0,0,0.0,1800.0,45.0,1,0,1,0,1,1,1,1,0,0,0,
2026-08-22T20:07:54,2090.5,HEAT,1086.0,1965.6,31.99,0.04,0.3,3.21,1.5,100,0,0.0,0,0.0,1800.0,45.0,1,0,1,0,1,1,1,1,0,0,0,
2026-08-22T20:07:55,2100.9,HEAT,1091.0,1971.3,32.08,0.03,0.6,3.19,1.5,100,0,0.0,0,0.0,1800.0,45.0,1,0,1,0,1,1,1,1,0,0,0,
2026-08-22T20:07:56,2111.2,HEAT,1091.7,1971.8,32.15,0.09,1.0,3.21,1.5,100,0,0.0,0,0.0,1800.0,45.0,1,0,1,0,1,1,1,1,0,0,0,
2026-08-22T20:07:57,2121.5,HEAT,1086.5,1968.5,32.24,0.02,0.0,3.22,1.5,100,0,0.0,0,0.0,1800.0,45.0,1,0,1,0,1,1,1,1,0,0,0,
2026-08-22T20:07:58,2131.9,HEAT,1093.5,1970.1,32.32,0.03,0.2,3.2,1.5,100,0,0.0,0,0.0,1800.0,45.0,1,0,1,0,1,1,1,1,0,0,0,
2026-08-22T20:07:59,2142.2,HEAT,1083.3,1966.7,32.38,0.06,0.0,3.2,1.5,100,0,0.0,0,0.0,1800.0,45.0,1,0,1,0,1,1,1,1,0,0,0,
2026-08-22T20:08:00,2152.4,HEAT,1087.9,1968.4,32.54,0.0,0.0,3.2,1.5,99.3,0,0.0,0,0.0,1800.0,45.0,1,0,1,0,1,1,1,1,0,0,0,
2026-08-22T20:08:01,2162.8,HEAT,1090.6,1970.4,32.65,0.08,1.3,3.19,1.5,100,0,0.0,0,0.0,1800.0,45.0,1,0,1,0,1,1,1,1,0,0,0,
2026-08-22T20:08:02,2173.2,HEAT,1080.2,1970.1,32.74,0.1,0.3,3.2,1.5,99.4,0,0.0,0,0.0,1800.0,45.0,1,0,1,0,1,1,1,1,0,0,0,
2026-08-22T20:08:03,2183.5,HEAT,1088.7,1970.2,32.79,0.0,0.0,3.19,1.5,100,0,0.0,0,0.0,1800.0,45.0,1,0,1,0,1,1,1,1,0,0,0,
2026-08-22T20:08:04,2193.9,HEAT,1089.3,1974.0,32.86,0.0,0.0,3.22,1.5,95.1,0,0.0,0,0.0,1800.0,45.0,1,0,1,0,1,1,1,1,0,0,0,
2026-08-22T20:08:06,2204.2,HEAT,1086.8,1965.0,32.87,0.05,0.4,3.19,1.5,100,0,0.0,0,0.0,1800.0,45.0,1,0,1,0,1,1,1,1,0,0,0,
2026-08-22T20:08:07,2214.6,HEAT,1085.6,1972.8,32.88,0.06,0.4,3.2,1.5,100,0,0.0,0,0.0,1800.0,45.0,1,0,1,0,1,1,1,1,0,0,0,
2026-08-22T20:08:08,2224.9,HEAT,1087.9,1968.6,32.95,0.06,0.5,3.2,1.5,100,0,0.0,0,0.0,1800.0,45.0,1,0,1,0,1,1,1,1,0,0,0,
2026-08-22T20:08:09,2235.3,HEAT,1088.4,1965.3,33.05,0.08,1.8,3.17,1.4,100,0,0.0,0,0.0,1800.0,45.0,1,0,1,0,1,1,1,1,0,0,0,
2026-08-22T20:08:10,2245.7,HEAT,1087.6,1970.2,33.21,0.13,0.4,3.21,1.4,100,0,0.0,0,0.0,1800.0,45.0,1,0,1,0,1,1,1,1,0,0,0,
2026-08-22T20:08:11,2256.0,HEAT,1084.3,1965.0,33.24,0.05,0.0,3.19,1.4,100,0,0.0,0,0.0,1800.0,45.0,1,0,1,0,1,1,1,1,0,0,0,
2026-08-22T20:08:12,2266.4,HEAT,1083.1,1967.7,33.38,0.0,0.5,3.2,1.4,100,0,0.0,0,0.0,1800.0,45.0,1,0,1,0,1,1,1,1,0,0,0,
2026-08-22T20:08:13,2276.8,HEAT,1082.2,1973.7,33.53,0.0,1.2,3.19,1.4,100,0,0.0,0,0.0,1800.0,45.0,1,0,1,0,1,1,1,1,0,0,0,
2026-08-22T20:08:14,2287.0,HEAT,1089.5,1969.5,33.54,0.08,0.1,3.19,1.4,100,0,0.0,0,0.0,1800.0,45.0,1,0,1,0,1,1,1,1,0,0,0,
2026-08-22T20:08:15,2297.4,HEAT,1084.0,1971.3,33.57,0.01,0.1,3.2,1.4,100,0,0.0,0,0.0,1800.0,45.0,1,0,1,0,1,1,1,1,0,0,0,
2026-08-22T20:08:16,2307.7,HEAT,1083.8,1967.8,33.74,0.01,1.3,3.2,1.4,100,0,0.0,0,0.0,1800.0,45.0,1,0,1,0,1,1,1,1,0,0,0,
2026-08-22T20:08:17,2318.0,HEAT,1092.3,1970.5,33.81,0.0,0.0,3.21,1.4,100,0,0.0,0,0.0,1800.0,45.0,1,0,1,0,1,1,1,1,0,0,0,
2026-08-22T20:08:18,2328.4,HEAT,1089.5,1970.1,33.83,0.06,0.7,3.2,1.4,100,0,0.0,0,0.0,1800.0,45.0,1,0,1,0,1,1,1,1,0,0,0,
2026-08-22T20:08:19,2338.7,HEAT,1084.4,1968.2,33.99,0.13,0.1,3.2,1.4,100,0,0.0,0,0.0,1800.0,45.0,1,0,1,0,1,1,1,1,0,0,0,
2026-08-22T20:08:20,2349.1,HEAT,1088.8,1968.0,34.0,0.04,0.7,3.2,1.4,100,0,0.0,0,0.0,1800.0,45.0,1,0,1,0,1,1,1,1,0,0,0,
